file_id,gender
common_voice_hi_26042241,male
common_voice_hi_24026282,male
common_voice_hi_24026319,male
common_voice_hi_26019764,male
common_voice_hi_25579063,male
common_voice_hi_24758399,female
common_voice_hi_26151858,male
common_voice_hi_25998467,male
common_voice_hi_26080942,male
common_voice_hi_25148870,male
common_voice_hi_26236232,male
common_voice_hi_26005366,male
common_voice_hi_26151923,male
common_voice_hi_25983618,male
common_voice_hi_24026333,male
common_voice_hi_26326404,male
common_voice_hi_26939090,male
common_voice_hi_26115141,male
common_voice_hi_26044279,male
common_voice_hi_24359463,female
common_voice_hi_26236318,male
common_voice_hi_24759486,male
common_voice_hi_26354224,male
common_voice_hi_26202854,male
common_voice_hi_26044280,male
common_voice_hi_26350857,male
common_voice_hi_26043882,male
common_voice_hi_24026346,male
common_voice_hi_26043766,male
common_voice_hi_24360600,female
common_voice_hi_25666666,female
common_voice_hi_24660524,male
common_voice_hi_24774831,male
common_voice_hi_26019970,male
common_voice_hi_26202758,male
common_voice_hi_23849315,male
common_voice_hi_26151857,male
common_voice_hi_24759187,male
common_voice_hi_24258335,male
common_voice_hi_24225981,female
common_voice_hi_26236392,male
common_voice_hi_24359454,female
common_voice_hi_26116167,male
common_voice_hi_25241105,male
common_voice_hi_26115306,male
common_voice_hi_23976064,male
common_voice_hi_26350727,male
common_voice_hi_24639157,male
common_voice_hi_23827793,male
common_voice_hi_26008570,male
common_voice_hi_26044182,male
common_voice_hi_26351118,male
common_voice_hi_26042177,male
common_voice_hi_25154394,female
common_voice_hi_24359439,female
common_voice_hi_26115329,male
common_voice_hi_25285597,male
common_voice_hi_24228287,male
common_voice_hi_26354302,male
common_voice_hi_25242555,male
common_voice_hi_25666698,female
common_voice_hi_25154405,female
common_voice_hi_26239100,female
common_voice_hi_26116142,male
common_voice_hi_24758330,female
common_voice_hi_24026211,male
common_voice_hi_26749279,male
common_voice_hi_25319371,male
common_voice_hi_24026293,male
common_voice_hi_24782650,male
common_voice_hi_24663074,male
common_voice_hi_24359459,female
common_voice_hi_26078812,male
common_voice_hi_25285599,male
common_voice_hi_23847553,male
common_voice_hi_24758476,female
common_voice_hi_26326632,male
common_voice_hi_26326484,male
common_voice_hi_23964616,male
common_voice_hi_26350720,male
common_voice_hi_25666662,female
common_voice_hi_25233731,male
common_voice_hi_26115339,male
common_voice_hi_24360572,female
common_voice_hi_24759341,male
common_voice_hi_26111119,male
common_voice_hi_23852812,male
common_voice_hi_25154305,female
common_voice_hi_25322994,male
common_voice_hi_26326619,male
common_voice_hi_26044244,male
common_voice_hi_25998303,male
common_voice_hi_26115943,male
common_voice_hi_24759431,male
common_voice_hi_26008606,male
common_voice_hi_24770291,male
common_voice_hi_24360506,female
common_voice_hi_24759286,male
common_voice_hi_24026214,male
common_voice_hi_26018149,male
common_voice_hi_24360525,female
common_voice_hi_24228150,male
common_voice_hi_26032234,male
common_voice_hi_26040806,male
common_voice_hi_26353019,male
common_voice_hi_26042127,male
common_voice_hi_26350891,male
common_voice_hi_26115361,male
common_voice_hi_24774833,male
common_voice_hi_26078826,male
common_voice_hi_25285589,male
common_voice_hi_24360543,female
common_voice_hi_25854077,male
common_voice_hi_26239093,female
common_voice_hi_26350771,male
common_voice_hi_26116135,male
common_voice_hi_26115379,male
common_voice_hi_24663073,male
common_voice_hi_26202760,male
common_voice_hi_23849359,male
common_voice_hi_26326626,male
common_voice_hi_26202842,male
common_voice_hi_25983365,male
common_voice_hi_26350796,male
common_voice_hi_26350809,male
common_voice_hi_26043735,male
common_voice_hi_26249535,male
common_voice_hi_24883975,male
common_voice_hi_24258325,male
common_voice_hi_26115009,male
common_voice_hi_26115312,male
common_voice_hi_26204179,male
common_voice_hi_25285585,male
common_voice_hi_26204187,male
common_voice_hi_26203953,male
common_voice_hi_23964499,male
common_voice_hi_26352947,male
common_voice_hi_24883996,male
common_voice_hi_26236311,male
common_voice_hi_24774835,male
common_voice_hi_26008915,male
common_voice_hi_24759075,male
common_voice_hi_26350962,male
common_voice_hi_24883974,male
common_voice_hi_26044109,male
common_voice_hi_26326386,male
common_voice_hi_26202765,male
common_voice_hi_26115730,male
common_voice_hi_24225935,female
common_voice_hi_26350892,male
common_voice_hi_26116153,male
common_voice_hi_26005281,male
common_voice_hi_24258351,male
common_voice_hi_25148836,male
common_voice_hi_25242435,male
common_voice_hi_24969783,female
common_voice_hi_26005538,male
common_voice_hi_26202866,male
common_voice_hi_24228380,male
common_voice_hi_26350976,male
common_voice_hi_24758706,male
common_voice_hi_26041083,male
common_voice_hi_26054089,male
common_voice_hi_24228463,male
common_voice_hi_26236260,male
common_voice_hi_26008913,male
common_voice_hi_26249457,male
common_voice_hi_26326471,male
common_voice_hi_25728399,male
common_voice_hi_26019754,male
common_voice_hi_25998743,male
common_voice_hi_25578798,male
common_voice_hi_26351026,male
common_voice_hi_26080941,male
common_voice_hi_26044278,male
common_voice_hi_26115399,male
common_voice_hi_24758566,female
common_voice_hi_23839869,male
common_voice_hi_25148874,male
common_voice_hi_25148835,male
common_voice_hi_26175846,male
common_voice_hi_24969559,female
common_voice_hi_26350734,male
common_voice_hi_26044272,male
common_voice_hi_26204214,male
common_voice_hi_25982620,male
common_voice_hi_26351259,male
common_voice_hi_25242553,male
common_voice_hi_26043814,male
common_voice_hi_26114779,male
common_voice_hi_26005414,male
common_voice_hi_24759399,male
common_voice_hi_25728366,male
common_voice_hi_23852813,male
common_voice_hi_24782658,male
common_voice_hi_25728378,male
common_voice_hi_26044238,male
common_voice_hi_24639122,male
common_voice_hi_26060642,male
common_voice_hi_23795247,male
common_voice_hi_25323050,male
common_voice_hi_26031296,male
common_voice_hi_25323014,male
common_voice_hi_24924086,male
common_voice_hi_26040987,male
common_voice_hi_25982647,male
common_voice_hi_26115404,male
common_voice_hi_24258311,male
common_voice_hi_26236380,male
common_voice_hi_26005289,male
common_voice_hi_24359478,female
common_voice_hi_26019730,male
common_voice_hi_24258339,male
common_voice_hi_25154396,female
common_voice_hi_26226974,male
common_voice_hi_25319316,male
common_voice_hi_26351306,male
common_voice_hi_26005513,male
common_voice_hi_25285608,male
common_voice_hi_24228245,male
common_voice_hi_24258382,male
common_voice_hi_25998627,male
common_voice_hi_26117502,male
common_voice_hi_26131360,male
common_voice_hi_26249372,male
common_voice_hi_24225550,male
common_voice_hi_26115729,male
common_voice_hi_26032385,male
common_voice_hi_26078765,male
common_voice_hi_26028500,male
common_voice_hi_26088144,male
common_voice_hi_25242480,male
common_voice_hi_24258304,male
common_voice_hi_26351297,male
common_voice_hi_25578826,male
common_voice_hi_26326475,male
common_voice_hi_25770423,male
common_voice_hi_25154376,female
common_voice_hi_26102783,male
common_voice_hi_26043771,male
common_voice_hi_26249348,male
common_voice_hi_26115160,male
common_voice_hi_24774829,male
common_voice_hi_25154364,female
common_voice_hi_24758376,female
common_voice_hi_24258318,male
common_voice_hi_25241159,male
common_voice_hi_26351311,male
common_voice_hi_24359407,female
common_voice_hi_24969886,female
common_voice_hi_26131960,male
common_voice_hi_24883971,male
common_voice_hi_23796043,male
common_voice_hi_26202925,male
common_voice_hi_23830511,male
common_voice_hi_26060783,male
common_voice_hi_26028430,male
common_voice_hi_26151855,male
common_voice_hi_26114829,male
common_voice_hi_26403466,male
common_voice_hi_26043924,male
common_voice_hi_26151927,male
common_voice_hi_25728383,male
common_voice_hi_26114698,male
common_voice_hi_26115406,male
common_voice_hi_25998302,male
common_voice_hi_23796065,male
common_voice_hi_25148930,male
common_voice_hi_26351267,male
common_voice_hi_24758569,female
common_voice_hi_25437226,male
common_voice_hi_26115403,male
common_voice_hi_26054034,male
common_voice_hi_26115934,male
common_voice_hi_26351024,male
common_voice_hi_26117188,male
common_voice_hi_25437221,male
common_voice_hi_26019906,male
common_voice_hi_26061035,male
common_voice_hi_25154329,female
common_voice_hi_24969923,female
common_voice_hi_25998775,male
common_voice_hi_25854173,male
common_voice_hi_24970113,female
common_voice_hi_26351535,male
common_voice_hi_23849305,male
common_voice_hi_25998363,male
common_voice_hi_26254101,male
common_voice_hi_26102772,male
common_voice_hi_24360548,female
common_voice_hi_25241113,male
common_voice_hi_26350849,male
common_voice_hi_24228171,male
common_voice_hi_24774838,male
common_voice_hi_24359424,female
common_voice_hi_25998796,male
common_voice_hi_23832725,male
common_voice_hi_26018198,male
common_voice_hi_26403389,male
common_voice_hi_24359432,female
common_voice_hi_25233743,male
common_voice_hi_26354212,male
common_voice_hi_24758532,female
common_voice_hi_25154348,female
common_voice_hi_25241135,male
common_voice_hi_26040967,male
common_voice_hi_25225026,male
common_voice_hi_25233644,male
common_voice_hi_24969551,female
common_voice_hi_23830510,male
common_voice_hi_26043777,male
common_voice_hi_25998650,male
common_voice_hi_24758459,female
common_voice_hi_24970139,female
common_voice_hi_25242676,male
common_voice_hi_25154391,female
common_voice_hi_25948398,male
common_voice_hi_26115947,male
common_voice_hi_23847550,male
common_voice_hi_24759287,male
common_voice_hi_26709119,male
common_voice_hi_25612225,female
common_voice_hi_25154373,female
common_voice_hi_24969854,female
common_voice_hi_26116098,male
common_voice_hi_25154435,female
common_voice_hi_25149602,male
common_voice_hi_26354284,male
common_voice_hi_23849319,male
common_voice_hi_26350917,male
common_voice_hi_26351290,male
common_voice_hi_26354228,male
common_voice_hi_24970140,female
common_voice_hi_24026330,male
common_voice_hi_25012352,male
common_voice_hi_26040849,male
common_voice_hi_24758535,female
common_voice_hi_26236323,male
common_voice_hi_24969834,female
common_voice_hi_26236336,male
common_voice_hi_26043768,male
common_voice_hi_23849363,male
common_voice_hi_25770444,male
common_voice_hi_26249389,male
common_voice_hi_26019811,male
common_voice_hi_26005436,male
common_voice_hi_26939139,male
common_voice_hi_25150866,male
common_voice_hi_24759227,male
common_voice_hi_25241076,male
common_voice_hi_26044152,male
common_voice_hi_25154327,female
common_voice_hi_24663095,male
common_voice_hi_26116169,male
common_voice_hi_26043787,male
common_voice_hi_24359419,female
common_voice_hi_26043866,male
common_voice_hi_24639129,male
common_voice_hi_26249452,male
common_voice_hi_23830512,male
common_voice_hi_26354267,male
common_voice_hi_24758437,female
common_voice_hi_26005415,male
common_voice_hi_26351292,male
common_voice_hi_25242573,male
common_voice_hi_25256918,male
common_voice_hi_24770288,male
common_voice_hi_24808101,male
common_voice_hi_23964496,male
common_voice_hi_24228395,male
common_voice_hi_26351113,male
common_voice_hi_26040810,male
common_voice_hi_26326407,male
common_voice_hi_26007514,male
common_voice_hi_26117536,male
common_voice_hi_25728364,male
common_voice_hi_24883998,male
common_voice_hi_26019804,male
common_voice_hi_26102800,male
common_voice_hi_26236383,male
common_voice_hi_25935944,male
common_voice_hi_24758348,female
common_voice_hi_25242604,male
common_voice_hi_26239098,female
common_voice_hi_23937568,male
common_voice_hi_24228466,male
common_voice_hi_26226959,male
common_voice_hi_26044294,male
common_voice_hi_26018148,male
common_voice_hi_26351288,male
common_voice_hi_26115324,male
common_voice_hi_26005301,male
common_voice_hi_26203997,male
common_voice_hi_25578797,male
common_voice_hi_25998822,male
common_voice_hi_26239099,female
common_voice_hi_26351289,male
common_voice_hi_26019645,male
common_voice_hi_26151971,male
common_voice_hi_25285575,male
common_voice_hi_25149605,male
common_voice_hi_25154411,female
common_voice_hi_26018137,male
common_voice_hi_23809930,female
common_voice_hi_26044122,male
common_voice_hi_25242674,male
common_voice_hi_24225996,female
common_voice_hi_25322995,male
common_voice_hi_24758412,female
common_voice_hi_25154345,female
common_voice_hi_26078815,male
common_voice_hi_26114728,male
common_voice_hi_25233637,male
common_voice_hi_25233627,male
common_voice_hi_26249451,male
common_voice_hi_25154392,female
common_voice_hi_26354273,male
common_voice_hi_23852755,male
common_voice_hi_26254100,male
common_voice_hi_24261968,male
common_voice_hi_25233732,male
common_voice_hi_26204001,male
common_voice_hi_23795246,male
common_voice_hi_25770454,male
common_voice_hi_24225721,male
common_voice_hi_26044285,male
common_voice_hi_26326408,male
common_voice_hi_25154306,female
common_voice_hi_26202931,male
common_voice_hi_26350941,male
common_voice_hi_26041085,male
common_voice_hi_26114801,male
common_voice_hi_25998657,male
common_voice_hi_26236242,male
common_voice_hi_26236321,male
common_voice_hi_25233760,male
common_voice_hi_24759226,male
common_voice_hi_25154366,female
common_voice_hi_24758709,male
common_voice_hi_26236285,male
common_voice_hi_24359422,female
common_voice_hi_24258406,male
common_voice_hi_25241180,male
common_voice_hi_25149600,male
common_voice_hi_24969756,female
common_voice_hi_26032251,male
common_voice_hi_26239092,female
common_voice_hi_26203958,male
common_voice_hi_26116141,male
common_voice_hi_26018147,male
common_voice_hi_25233746,male
common_voice_hi_25998756,male
common_voice_hi_25154331,female
common_voice_hi_26019987,male
common_voice_hi_26203925,male
common_voice_hi_25128215,male
common_voice_hi_23964498,male
common_voice_hi_24359433,female
common_voice_hi_25153163,male
common_voice_hi_25213606,male
common_voice_hi_24969590,female
common_voice_hi_25153186,male
common_voice_hi_24228139,male
common_voice_hi_24359425,female
common_voice_hi_25148852,male
common_voice_hi_26354251,male
common_voice_hi_26005316,male
common_voice_hi_26351487,male
common_voice_hi_24758567,female
common_voice_hi_26239114,female
common_voice_hi_26202776,male
common_voice_hi_23827788,male
common_voice_hi_26115332,male
common_voice_hi_26351087,male
common_voice_hi_24758398,female
common_voice_hi_25935925,male
common_voice_hi_26326499,male
common_voice_hi_26204099,male
common_voice_hi_25154448,female
common_voice_hi_26042248,male
common_voice_hi_26131988,male
common_voice_hi_24228513,male
common_voice_hi_26040864,male
common_voice_hi_26019765,male
common_voice_hi_25998792,male
common_voice_hi_24758410,female
common_voice_hi_24969560,female
common_voice_hi_25154365,female
common_voice_hi_26115382,male
common_voice_hi_26326602,male
common_voice_hi_26350969,male
common_voice_hi_26117484,male
common_voice_hi_24359465,female
common_voice_hi_26114641,male
common_voice_hi_26131829,male
common_voice_hi_26115395,male
common_voice_hi_23809921,female
common_voice_hi_26044114,male
common_voice_hi_24359453,female
common_voice_hi_24026203,male
